{
	"IcoMoonType": "selection",
	"icons": [
		{
			"icon": {
				"paths": [
					"M64 0h896c35.346 0 64 28.654 64 64v896c0 35.346-28.654 64-64 64h-896c-35.346 0-64-28.654-64-64v-896c0-35.346 28.654-64 64-64z",
					"M732.196 376.702c-7.245-75.686-72.729-101.018-155.422-108.19l0.067-104.99-64.065 0.049-0.064 102.223c-16.842 0.013-34.058 0.356-51.162 0.708l0.077-102.9-64.031 0.040-0.093 104.96c-13.871 0.292-27.492 0.558-40.774 0.575l-0.008-0.326-88.362 0.028-0.028 68.255c0 0 47.31-0.931 46.523-0.061 25.95-0.009 34.386 15.013 36.834 27.979l-0.073 119.606c1.791 0.009 4.127 0.081 6.771 0.441-2.134 0.004-4.419-0.008-6.768 0.013l-0.127 167.556c-1.144 8.147-5.953 21.14-24.083 21.183 0.819 0.724-46.571 0.018-46.571 0.018l-12.779 76.329 83.372-0.058c15.515 0.008 30.78 0.26 45.767 0.346l-0.043 106.186 63.996-0.032 0.067-105.063c17.571 0.351 34.576 0.479 51.178 0.453l-0.097 104.579 64.065-0.049 0.090-105.997c107.711-6.235 183.113-33.353 192.541-134.252 7.611-81.247-30.676-117.472-91.807-132.077 37.156-18.892 60.401-52.15 55.006-107.532v0 0zM642.416 603.811c-0.017 79.353-136.221 70.417-179.64 70.487l0.109-140.69c43.432-0.018 179.591-12.564 179.531 70.203v0zM612.75 405.336c-0.068 72.195-113.66 63.845-149.825 63.872l0.088-127.599c36.166-0.027 149.779-11.574 149.738 63.727v0 0z"
				],
				"attrs": [
					{
						"fill": "rgb(108, 108, 108)",
						"opacity": 1,
						"visibility": false
					},
					{
						"fill": "rgb(213, 213, 213)",
						"opacity": 1,
						"visibility": false
					}
				],
				"grid": 0,
				"tags": [
					"b-double"
				]
			},
			"attrs": [
				{
					"fill": "rgb(108, 108, 108)",
					"opacity": 1,
					"visibility": false
				},
				{
					"fill": "rgb(213, 213, 213)",
					"opacity": 1,
					"visibility": false
				}
			],
			"properties": {
				"order": 1,
				"id": 0,
				"prevSize": 32,
				"code": 58880,
				"name": "b-double",
				"ligatures": ""
			},
			"setIdx": 0,
			"iconIdx": 0
		}
	],
	"height": 1024,
	"metadata": {
		"name": "crypto-icons",
		"url": "https://github.com/chovy/crypto-icons",
		"designerURL": "https://github.com/chovy",
		"license": "Creative Commons",
		"licenseURL": "http://creativecommons.org/licenses/by/4.0/"
	},
	"preferences": {
		"fontPref": {
			"prefix": "crypto-icon-",
			"metadata": {
				"fontFamily": "crypto-icons",
				"majorVersion": 1,
				"minorVersion": 0,
				"fontURL": "https://github.com/chovy/crypto-icons",
				"description": "crypto-icons",
				"copyright": "Anthony Ettinger",
				"designerURL": "https://github.com/chovy",
				"license": "Creative Commons",
				"licenseURL": "http://creativecommons.org/licenses/by/4.0/"
			},
			"showGlyphs": true,
			"metrics": {
				"emSize": 512,
				"baseline": 6.25,
				"whitespace": 50
			},
			"resetPoint": 58880,
			"showQuickUse": true,
			"quickUsageToken": false,
			"showMetrics": true,
			"showMetadata": true,
			"showVersion": true
		},
		"imagePref": {
			"color": 0,
			"height": 32,
			"columns": 16,
			"margin": 16,
			"png": false,
			"sprites": true
		},
		"historySize": 100,
		"showCodes": true,
		"gridSize": 16,
		"showLiga": false,
		"showGrid": true,
		"showGlyphs": true,
		"showQuickUse": true,
		"search": ""
	}
}